"","ID","Description","setSize","enrichmentScore","NES","pvalue","p.adjust","qvalues","rank","leading_edge","core_enrichment"
"GO:0004896","GO:0004896","cytokine receptor activity",3,-0.889255592225889,-1.68559102560046,0.00545328540171823,0.00545328540171823,0.269710190922361,306,"tags=100%, list=11%, signal=89%","ENSMUSG00000032089/ENSMUSG00000022146"
"GO:0140375","GO:0140375","immune receptor activity",3,-0.889255592225889,-1.68559102560046,0.00545328540171823,0.00545328540171823,0.269710190922361,306,"tags=100%, list=11%, signal=89%","ENSMUSG00000032089/ENSMUSG00000022146"
"GO:0003824","GO:0003824","catalytic activity",24,-0.448210871872161,-1.7722847841307,0.0061005876518153,0.0061005876518153,0.269710190922361,171,"tags=25%, list=6%, signal=24%","ENSMUSG00000057457/ENSMUSG00000020051/ENSMUSG00000021228/ENSMUSG00000092021/ENSMUSG00000000628/ENSMUSG00000037868"
"GO:0042802","GO:0042802","identical protein binding",21,0.516889298186715,1.7233759138724,0.00943474921720258,0.00943474921720258,0.312836421412507,701,"tags=57%, list=26%, signal=43%","ENSMUSG00000027919/ENSMUSG00000026896/ENSMUSG00000028464/ENSMUSG00000036251/ENSMUSG00000110206/ENSMUSG00000032769/ENSMUSG00000070306/ENSMUSG00000023951/ENSMUSG00000048582/ENSMUSG00000000263/ENSMUSG00000000732/ENSMUSG00000038508"
"GO:0016740","GO:0016740","transferase activity",9,-0.619761574371652,-1.76131062990824,0.0146981168062404,0.0146981168062404,0.389886887912903,15,"tags=44%, list=1%, signal=44%","ENSMUSG00000021457/ENSMUSG00000063704/ENSMUSG00000000628/ENSMUSG00000037868"
"GO:0005125","GO:0005125","cytokine activity",8,0.629427509634657,1.60095232222659,0.0285740210634975,0.0285740210634975,0.579544093269452,715,"tags=75%, list=26%, signal=56%","ENSMUSG00000110206/ENSMUSG00000000126/ENSMUSG00000015957/ENSMUSG00000023951/ENSMUSG00000038508/ENSMUSG00000024399"
"GO:0140297","GO:0140297","DNA-binding transcription factor binding",3,-0.811118327111001,-1.53748122005744,0.0305870493669988,0.0305870493669988,0.579544093269452,4,"tags=67%, list=0%, signal=67%","ENSMUSG00000037621/ENSMUSG00000037868"
"GO:0046982","GO:0046982","protein heterodimerization activity",4,0.753939209612274,1.48362322145716,0.0451263537906137,0.0451263537906137,0.688295648869466,171,"tags=50%, list=6%, signal=47%","ENSMUSG00000028464/ENSMUSG00000019913"
